metric,value
Accuracy,0.9623333333333334
AUC-ROC,0.994117476151276
Precision,0.9576826196473551
Recall,0.9849740932642487
F1-Score,0.9711366538952746
